{"cameraMode":{"drawMode":0,"name":"Shaded","section":"Shading Mode"},"sceneLighting":true,"audioPlay":false,"sceneViewState":{"m_AlwaysRefresh":false,"showFog":false,"showSkybox":false,"showFlares":false,"showImageEffects":false,"showParticleSystems":false,"showVisualEffectGraphs":false,"m_FxEnabled":true},"in2DMode":false,"pivot":{"x":16.598133087158204,"y":-14.11156177520752,"z":23.991199493408204},"rotation":{"x":0.21613110601902009,"y":0.21613137423992158,"z":-0.04912629351019859,"w":0.9508745074272156},"size":32.423343658447269,"orthographic":false}