{"cameraMode":{"drawMode":0,"name":"Shaded","section":"Shading Mode"},"sceneLighting":true,"audioPlay":false,"sceneViewState":{"m_AlwaysRefresh":false,"showFog":false,"showSkybox":false,"showFlares":false,"showImageEffects":false,"showParticleSystems":false,"showVisualEffectGraphs":false,"m_FxEnabled":true},"in2DMode":false,"pivot":{"x":0.5213018655776978,"y":-5.025489330291748,"z":4.145790100097656},"rotation":{"x":0.43840205669403078,"y":0.016175853088498117,"z":-0.007892278023064137,"w":0.8986000418663025},"size":11.859610557556153,"orthographic":false}